,Train,Test
0,1498.3501328153566,900.9366665887849
1,1028.910139781974,1002.5241170370506
2,1295.42936150425,941.4022181446727
3,1175.4760490124802,999.3538117011723
4,1312.1108376741752,876.2854388128931
5,1277.1683491575468,1044.8826303221151
6,1130.2295506966084,849.0734711156044
7,1206.6713279667636,846.1808345977257
8,1161.282240665596,890.9299549438621
9,1213.181502673875,851.4926682020574
